Key,Name,numItems,numColl,parentColl
8AV7IL2Y,17_Cellular_Automata,62,0,False
3LKEUA6W,16_Evolution,1,0,False
F6I4YQMS,21_Trending,1,0,False
G2XMLFA2,08_Ecology,0,1,False
2ALVSLRB,Cannibalism,11,0,G2XMLFA2
ZFCWGQUW,15_Methods,0,2,False
FQRBZT7L,16_Compbio_and_Bioinfo,0,0,ZFCWGQUW
FU9DUKYN,17_Design_of_Experiments,12,1,ZFCWGQUW
9TVJ3WST,Textbooks,5,0,FU9DUKYN
UNW6NQZR,18_STEM,4,3,False
4I4F35A3,The Astrobiology Primers,14,0,UNW6NQZR
S5HE59FT,MALDI-TOF Species Identification,8,0,UNW6NQZR
CL29QIZU,01_Biomimetics,6,0,UNW6NQZR
7UFY4FR7,14_Origin_of_Life,2,4,False
JLE35IIM,02_SelfOrganisation,2,0,7UFY4FR7
NZJ98W5S,01_Artificial_Chemistry,4,0,7UFY4FR7
UPH4X9PC,03_Dissipation,4,0,7UFY4FR7
VK2YEP2U,108_Biochemistry,3,0,7UFY4FR7
NGFMK4EV,13_Prokaryotes,0,2,False
VMXT3IY8,E. coli,11,0,NGFMK4EV
Q2EE7N6R,Extremophiles,4,0,NGFMK4EV
J26EGH9M,12_NonMetazoan_Eukaryotes,0,2,False
LHJ9CE58,02_Fungi,0,0,J26EGH9M
CJIXZ45L,01_Plants,1,0,J26EGH9M
P7C89CW2,01_Artificial_Life,4,2,False
N4LUPS3I,yao_vdp,5,0,P7C89CW2
G5A26IUF,Kybernetes- Volume 32 Issue 1-2 Artificial Life,13,0,P7C89CW2
NIMU6BBY,11_Cancer,23,1,False
FCZN3C89,01_Hydra,5,0,NIMU6BBY
PFAZL85Y,194_Books,7,0,False
JK36743U,10_Parasites,19,1,False
P8HY7EQP,01_Rhizocephala,15,0,JK36743U
X8BMQW6T,99_Conference on Artificial Life (ISAL),15,14,False
IDKY84XG,2024,128,0,X8BMQW6T
SNR46C32,2019,119,0,X8BMQW6T
HSCXCPB4,2018,123,0,X8BMQW6T
RI88WT7S,2017,95,0,X8BMQW6T
EZIPJ7VU,2015,118,0,X8BMQW6T
BE549EAC,2014,162,0,X8BMQW6T
8WCU882B,2013,192,0,X8BMQW6T
J3C4E9TT,2012,65,0,X8BMQW6T
NRTBBGDD,2011,137,0,X8BMQW6T
HIRGYWDY,2016,119,0,X8BMQW6T
W2P8L2M2,2020,118,0,X8BMQW6T
BRYRT8V7,2021,119,0,X8BMQW6T
UVWPZ5R6,2022,79,0,X8BMQW6T
FTMNZCJG,2023,144,0,X8BMQW6T
5ZZNMSP8,19_Culture_Humanities_Metascience,34,5,False
ZHJKZ68T,Transhumanism (false),5,0,5ZZNMSP8
CWMCTSHL,Games,18,1,5ZZNMSP8
MD6WN7GS,Idle Games,13,0,CWMCTSHL
2NSAMAFE,Human socio-cultural evolution in light of evolutionary transitions,18,0,5ZZNMSP8
W4BDLJV3,Inspirational fr Reddit,58,0,5ZZNMSP8
3FCBCRZZ,Reincarnation,10,0,5ZZNMSP8
9QT49SDN,199_Others,40,0,False
JEGQVKH4,196_Vienna Series In Theoretical Biology,14,0,False
YD7YBX88,20_AI_stuff,12,1,False
B9AII4TX,01_Neural_Networks,5,0,YD7YBX88
KTMBLE5R,07_Phylogenetics_Systematics,39,3,False
JCXM2GM7,03_Unnatural_Xeno_NA_AA,28,0,KTMBLE5R
6M6K9R7I,02_BioinfoALife,11,0,KTMBLE5R
NI4MNHT8,01_HGT_LGT,44,0,KTMBLE5R
IZNW4QD2,06_Basal_Cognition,33,3,False
EFAPNQHX,PHILOS T R SOC B Basal Cognition,0,2,IZNW4QD2
CMR5SXZE,"2_Multicellularity, neurons and the cognitive lens",1,3,EFAPNQHX
UA6IILM9,03_THE ‘COGNITIVE LENS’,2,0,CMR5SXZE
C66YM8VM,02_THE TRANSITION TO NERVOUS SYSTEMS,4,0,CMR5SXZE
S85CJIMS,01_OBLIGATE MULTICELLULARITY AND THE SIGNALS THAT TURN SOCIETIES INTO INDIVIDUALS,3,0,CMR5SXZE
PVDCS8NF,1_Conceptual tools and the view from the single cell,3,2,EFAPNQHX
6I88VPYY,02_THE VIEW FROM THE SINGLE CELL,4,0,PVDCS8NF
2GGRRHJ8,01_CONCEPTUAL TOOLS AND ORGANIZING PRINCIPLES,3,0,PVDCS8NF
7JZ4NVNT,Animal Cognition SI Basal Cognition,11,0,IZNW4QD2
PXPV27HG,15_Agency_Teleonomy,1,1,IZNW4QD2
6U9K8QMU,EvoDev SI Agency in Living Sys,11,0,PXPV27HG
KFUV8FJ4,09_Colonial_Organisms,9,4,False
SU76ZBBP,03_Swarms,1,0,KFUV8FJ4
KHGKHYXB,JEZ-B_MolDevEvo: Evolution of Animal Coloniality and Modularity,5,4,KFUV8FJ4
ZS6A99H2,04_From unicellular to multicellular colonies,2,0,KHGKHYXB
4NZCEFJS,03_Signaling in colony regeneration and patterning,2,0,KHGKHYXB
9AA7WGVP,02_Mechanisms of colonial development,3,0,KHGKHYXB
NGB4HTAI,01_Concepts and evolutionary theory,4,0,KHGKHYXB
57CMJ4AG,02_Salps,16,0,KFUV8FJ4
KN4I7RMU,01_Siphonophores,17,1,KFUV8FJ4
QC4PFC6U,Dunn Lab,17,0,KN4I7RMU
2LARMY8C,05_Organismality,35,4,False
DL9JLK76,01_Multicellularity,4,0,2LARMY8C
HEVAAIHJ,04_Lichens,8,0,2LARMY8C
Z4J2M5L7,03_Yeast,10,0,2LARMY8C
YFHUHPYG,DevoBio,2,0,2LARMY8C
6IIWZZJA,04_Morphology,44,0,False
QJ2I8FDW,02_Avida_Ofria,33,1,False
Q6ST9DK2,FRONTIERS Editorial- Digital evolution- Insights for biologists,6,0,QJ2I8FDW
UB6FXMLS,03_Michael_Levin,45,5,False
98IKJ8M2,01_Overview,2,4,UB6FXMLS
9NIECZ9D,03_DevoBio,3,0,98IKJ8M2
GMLU3VK4,02_Bioelectricity and Biomedicine,4,0,98IKJ8M2
SH32XBHJ,01_Diverse Intelligence,3,0,98IKJ8M2
YUE4JQEG,00_Accessible,15,0,98IKJ8M2
QWDK8XVC,02_Planaria,10,0,UB6FXMLS
Q4VV9D8E,Making and breaking symmetries in mind and life_Royal Society,16,0,UB6FXMLS
BF6I8E6D,Comparative Animal Consciousness_Frontiers In,5,0,UB6FXMLS
GUI6PF3I,Other authors,20,0,UB6FXMLS
